holdingId,maturityDt,couponKind,annualizedRt,isDefault,areIntrstPmntsInArrs,isPaidKind
912797RF6,2026-07-09,None,0,N,N,N
912797RG4,2026-08-06,None,0,N,N,N
912797RS8,2026-09-03,None,0,N,N,N
912797TE7,2026-06-25,None,0,N,N,N
912797TF4,2026-07-02,None,0,N,N,N
912797TN7,2026-07-16,None,0,N,N,N
912797TP2,2026-07-23,None,0,N,N,N
912797TQ0,2026-07-30,None,0,N,N,N
912797TW7,2026-08-13,None,0,N,N,N
912797TX5,2026-08-20,None,0,N,N,N
912797TY3,2026-08-27,None,0,N,N,N
912797UC9,2026-06-30,None,0,N,N,N
912797UN5,2026-07-07,None,0,N,N,N
912797UP0,2026-07-14,None,0,N,N,N
912797UQ8,2026-07-21,None,0,N,N,N
912797UR6,2026-07-28,None,0,N,N,N
912797US4,2026-08-04,None,0,N,N,N
912797UT2,2026-08-11,None,0,N,N,N
912797UU9,2026-08-18,None,0,N,N,N
912797UV7,2026-08-25,None,0,N,N,N
912797UW5,2026-09-01,None,0,N,N,N
912797VB0,2026-09-08,None,0,N,N,N
